path_in_zip,original_path,size_bytes,sha256,category
00_REPORT.md,docs-pack/REPORT.md (sinh mới),44167,f0b9e9dcb942570e01d3b51b072899f29d306e6d3787ef9b91f40fcd8669c445,output
01_sources/pdf/ZE_text.txt,research/pdf/ZE_text.txt,33722,dc3bbf88946815e3e9317455c54ce9e9c45175dbfb7f5b532059fd9ed82c995b,source
01_sources/pdf/ZE_twin-screw_extruders.pdf,research/pdf/ZE_twin-screw_extruders.pdf,2845216,e855a46ed4fd64bc3d1e104470df038669d328338e058e49b40e3b2b05a875ac,source
01_sources/pdf/pages/p01.png,research/pages/p01.png,2113348,818b8a12ea80b2c94b8294dc316f20643c8d04e514b2e11afc4793b469ac729e,source
01_sources/pdf/pages/p02.png,research/pages/p02.png,2827933,d14a787344c6a6341c0faf3617b42569adc735aec42520523a0dcd03a429c9fb,source
01_sources/pdf/pages/p03.png,research/pages/p03.png,398818,b7f086c6696b616b47851d2c76dc4fea025838d913de8e893d1c4396881b4ec1,source
01_sources/pdf/pages/p04.png,research/pages/p04.png,134564,5b510308e8659a725fac01b4c597389084e511310484d3a32ba50b67d7b90a98,source
01_sources/pdf/pages/p05.png,research/pages/p05.png,648773,1efb4a883276e4b1d195f17d650ab418531cdacd26383270b3c5a59350f611ab,source
01_sources/pdf/pages/p06.png,research/pages/p06.png,719315,dd3f70fe86a9459347f6c81919839cbcd3dcb1225696feb60fc638f86848fe5c,source
01_sources/pdf/pages/p07.png,research/pages/p07.png,490357,651713c55c790f487cd777b017c9cb930c6822dbc285477b255f6f1ee20b421a,source
01_sources/pdf/pages/p08.png,research/pages/p08.png,684210,958de16962952de03d1ef8c587352d503d519614f08f7b5d691a0cdb67b22946,source
01_sources/pdf/pages/p09.png,research/pages/p09.png,101560,8aebdf2ee9ec3012af0feedc45a6a86215c8faed939698c2f2470f09584679d0,source
01_sources/pdf/pages/p10.png,research/pages/p10.png,313788,890ecf6cacae7a50c82b0773b87dbc5a58aee4b7f49bc7fa42756197bb7b3b13,source
01_sources/pdf/pages/p11.png,research/pages/p11.png,322936,8a12c844265353b002644da75919b88062de27fa2df402e0dc2ce9f3f3b069e5,source
01_sources/pdf/pages/p12.png,research/pages/p12.png,689126,f2ba0e603e3a00061e818e9f4451849a9f445e5f085c5070fb77f6e94545c68e,source
01_sources/pdf/pages/p13.png,research/pages/p13.png,484030,7532a83e98388fd2ee8a384d00b3cfd502b0144aaf63f18e80914b41e970c4f8,source
01_sources/pdf/pages/p14.png,research/pages/p14.png,1625898,b5a60c54c70742b91b3b45ff6f07acd0763dea58d3ed47051eaf9e904186adbd,source
01_sources/pdf/pages/p15.png,research/pages/p15.png,1633374,4c4ac84030fdd4a99364eaae2011285c94575f2ff5be93d46f12c779edfa3921,source
01_sources/pdf/pages/p16.png,research/pages/p16.png,787558,d62c33f793269859ee60f0f14104df731709a25c121378fb1d9de42326fdb228,source
01_sources/pdf/pages/p17.png,research/pages/p17.png,660172,3456c244a2cc69e4c5af186c1f775abd25e0e2176f182c356a698fbf6f9ea1b2,source
01_sources/pdf/pages/p18.png,research/pages/p18.png,570164,8eb80a6d921ef8a1b2930fbc7af7f6a1fc6f7d6fddce1d9dd305613612266fb7,source
01_sources/pdf/pages/p19.png,research/pages/p19.png,904064,a0c3df561ee286f796fd27ef67f4c1a38b203658f4331400aa1ca8222ef1c0de,source
01_sources/pdf/pages/p20.png,research/pages/p20.png,347986,6676b307ff0c3cd242e7afb867f6c5b28b6e81b307d3fe6aead7c6d05e0270d2,source
01_sources/pdf/pages/p21.png,research/pages/p21.png,526953,b4d671a25465037cb1f76419e1e11f9051fc99c449edd49ca4d55dbc784ceed4,source
01_sources/pdf/pages/p22.png,research/pages/p22.png,869101,91cf608546bf86f4dae57869e6c5261675088fcda08319b5aec1850b171fe92d,source
01_sources/pdf/pages/p23.png,research/pages/p23.png,776096,2520893338872d13d1dc4ebead98ee53fa4b05f5e1a2cebdbe990f702fe12536,source
01_sources/pdf/pages/p24.png,research/pages/p24.png,163700,66140ad5ee20785c098689cab1e9a2f35a21f8eac4854309f8ac99c3583ad76b,source
01_sources/pdf/pages/p25.png,research/pages/p25.png,158821,6859264acbec4cb287d14b68fd20fb0f1abdc194182e98017e0a1b86051ba85d,source
01_sources/pdf/pages/p26.png,research/pages/p26.png,512099,43f43f3344bf73fdeba0afc7fe29be2547e127b53f033ee366ee5f5a7576f57e,source
01_sources/pdf/pages/p27.png,research/pages/p27.png,221902,2784e27eca76c405907945da8e45e26705d37722575011412282ed88e3bd5a1f,source
01_sources/pdf/pages/p28.png,research/pages/p28.png,680307,21fcc969847293f60dfd30cf968360417905ea02f32db2b9bb31cc1c5220c753,source
01_sources/pdf/pages/p29.png,research/pages/p29.png,302691,7e33eceb4380bcc74138355b462c3909bc1b19f833605b6f1e26acb7690b2571,source
01_sources/pdf/pages/p30.png,research/pages/p30.png,696020,8a0fd63af79f23b0f7e2573398689ddb45b70cc59e099d7466acb3412294af1d,source
01_sources/pdf/pdf_catalog.md,research/pdf_catalog.md,24115,ef04018099f7a2df1e32ea4bc65f8eaaa7fd9fb7d0470080d68076e10657e63f,source
01_sources/pdf/pdf_crops/p01_cover_barrel_covers_rails_x3.png,research/pdf_crops/p01_cover_barrel_covers_rails_x3.png,1898663,14b4618ba1b881032ebd4e1cd83200d845f3cbb358f89c62b76db79dca572939,source
01_sources/pdf/pdf_crops/p01_cover_die_end_strand_die_x3.png,research/pdf_crops/p01_cover_die_end_strand_die_x3.png,1063785,15f98d6ddb66cbc44c2980612732b7a20c2f24d3c9f43c7c21361b3c4c7cd2e7,source
01_sources/pdf/pdf_crops/p01_cover_full_x2.png,research/pdf_crops/p01_cover_full_x2.png,3266850,fb2650f25cc8cdd0664c5fa2976dff0f5ae5e4b76a81bb3a030195345dff7bf7,source
01_sources/pdf/pdf_crops/p01_cover_vent_domes_x3.png,research/pdf_crops/p01_cover_vent_domes_x3.png,391593,1ef626d8fcc078f4f537cca53788a2a94a1363af35ccbec33b792f1be340e3b8,source
01_sources/pdf/pdf_crops/p05_8shaped_bore_barrel_section_x3.png,research/pdf_crops/p05_8shaped_bore_barrel_section_x3.png,285337,6acd097c93edf3ee21a94cf4a2dfd1cdd11fbe9fe04a2051282515210852126c,source
01_sources/pdf/pdf_crops/p05_barrel_heating_cartridges_cooling_bores_x3.png,research/pdf_crops/p05_barrel_heating_cartridges_cooling_bores_x3.png,467891,263ad9d6c90d1e137ce2d4ae36160b12e21d8530012d6af4735db265849b0be7,source
01_sources/pdf/pdf_crops/p05_drive_train_safety_coupling_x3.png,research/pdf_crops/p05_drive_train_safety_coupling_x3.png,327395,0566f82cb4c84a980abfff46b64301bc3e0b0b40b5907aaf17e3823a2abf81be,source
01_sources/pdf/pdf_crops/p06-07_ze_utx_cutaway_spread.png,research/pdf_crops/p06-07_ze_utx_cutaway_spread.png,615514,1f88d438dc4af7c5fb3263f9d2ebf8c1d1ad434929b96ec773c8a83c7d92e000,source
01_sources/pdf/pdf_crops/p06_cutaway_drive_motor_gearbox.png,research/pdf_crops/p06_cutaway_drive_motor_gearbox.png,118153,6ae3dee251a09ad16e34c60bc8a3dabde62cefd4d6b419a5c27e1cca0d1c6644,source
01_sources/pdf/pdf_crops/p06_cutaway_side_feeder_cart.png,research/pdf_crops/p06_cutaway_side_feeder_cart.png,167330,1beeb92db438de21dd6b1f4f6842b047452f767d612c45a5a0c6a50d3520be14,source
01_sources/pdf/pdf_crops/p07_cutaway_barrel_cclamp_cartridges.png,research/pdf_crops/p07_cutaway_barrel_cclamp_cartridges.png,106958,826286938cf0475c0815cc5fad88a46fddfe364f1ac5f9c71cee9dbd8bf84772,source
01_sources/pdf/pdf_crops/p07_cutaway_blue_end_cabinet.png,research/pdf_crops/p07_cutaway_blue_end_cabinet.png,73646,6963a44c6d193ca3977bf3e488f0a6a03b72cd59ed7f509dc182a90fa19cb0e7,source
01_sources/pdf/pdf_crops/p07_cutaway_die_end_head.png,research/pdf_crops/p07_cutaway_die_end_head.png,96322,eb8c61d9af1613febf9a87ca7435588d4b6e41c48f69fab3ff3f1296d7d5a52c,source
01_sources/pdf/pdf_crops/p08_base_frame_ze_utx_x3.png,research/pdf_crops/p08_base_frame_ze_utx_x3.png,303144,5ec36600f795f4f10fca74dad5c9fac083726d0b7d30d70bc47ca59790619fd1,source
01_sources/pdf/pdf_crops/p08_c_clamp_connector_x3.png,research/pdf_crops/p08_c_clamp_connector_x3.png,454362,6d5b309910d666ce5d18d5c17434f9ffd5b356e0802ac9c9d8824ac76373238b,source
01_sources/pdf/pdf_crops/p08_side_feeder_x3.png,research/pdf_crops/p08_side_feeder_x3.png,474002,96119192ff2cea90b6b7e50a3daec4ad4de3c0e1e959bdc9bc5941dc698c829d,source
01_sources/pdf/pdf_crops/p09_all_ut_silhouettes_300dpi.png,research/pdf_crops/p09_all_ut_silhouettes_300dpi.png,178242,c1e34cb93a0c52fd5c83cb81d3b6279553b0f21fbd2bfd8fe60dc6386cefd8f4,source
01_sources/pdf/pdf_crops/p12_barrel_sections_c_clamps_x2.png,research/pdf_crops/p12_barrel_sections_c_clamps_x2.png,330106,66f3879ca1a055ee73753c9285225d8cc588c006b3b75b651a7bb9c921c79af7,source
01_sources/pdf/pdf_crops/p12_barrel_types_utx_vs_ut_250dpi.png,research/pdf_crops/p12_barrel_types_utx_vs_ut_250dpi.png,194021,8303f7ceaf102598d97e99b3d5966d81b7ec67baad6aba909fb5f4c4d85e27d8,source
01_sources/pdf/pdf_crops/p16_large_ze_production_line_box_covers_x3.png,research/pdf_crops/p16_large_ze_production_line_box_covers_x3.png,684015,44f52f8cec3f85a6ba17b62ac6cda1e35dfa57fe4186111c0ae9df93c7de1ff7,source
01_sources/pdf/pdf_crops/p16_ze_line_stainless_box_covers_die_x3.png,research/pdf_crops/p16_ze_line_stainless_box_covers_die_x3.png,502214,c3c6ccf20e73aed41c0887784ac401ec408764acd3c49d3fd9f73d4d6ab2d6a6,source
01_sources/pdf/pdf_crops/p17_ze_rounded_covers_x3.png,research/pdf_crops/p17_ze_rounded_covers_x3.png,423398,7465e4759ab62254689eaaf0dc183c5cdf59dd5dc3198c082426593255494579,source
01_sources/pdf/pdf_crops/p18_ze_basic_full_side_x2.png,research/pdf_crops/p18_ze_basic_full_side_x2.png,540014,705a11344fe6a12fb092c4d88e5488e3fcef4c46d11d363dbeaedce2ecc379f7,source
01_sources/pdf/pdf_crops/p19_c_clamp_barrel_endview_x3.png,research/pdf_crops/p19_c_clamp_barrel_endview_x3.png,313425,1b5f99d2fb38245ff2ad6ce1644d999475bf7d2ef287e41f11124bca5897a40e,source
01_sources/pdf/pdf_crops/p19_gearbox_coupling_oilpump_x3.png,research/pdf_crops/p19_gearbox_coupling_oilpump_x3.png,240418,b3e49a77336d71b259489b5044421c08e214129ec83c9cb032da7bb4d9f47ef1,source
01_sources/pdf/pdf_crops/p19_temperature_control_unit_in_base_x3.png,research/pdf_crops/p19_temperature_control_unit_in_base_x3.png,370388,500549accc1f081ff5fefe5a45549d9565bf634f027c6729b6030845c6d3321f,source
01_sources/pdf/pdf_crops/p19_ze_basic_rear_view_x2.png,research/pdf_crops/p19_ze_basic_rear_view_x2.png,328355,4996e9e6a0e5e97cd31c52aa7ee0b9c97c7f0a19d85c277b3254e48190b2bb54,source
01_sources/pdf/pdf_crops/p21_ze_basic_barrel_types_250dpi.png,research/pdf_crops/p21_ze_basic_barrel_types_250dpi.png,67032,b29cc9bb7169213e02f94ecb980ce25634d7ad6a5cb4c88eb4c3e164fc648678,source
01_sources/pdf/pdf_crops/p21_ze_basic_barrel_vents_x2.png,research/pdf_crops/p21_ze_basic_barrel_vents_x2.png,399616,f467e86f63e49b4e110df53e6c1aec516bcaa40b6bb8f8305fd7a92b8be14f42,source
01_sources/pdf/pdf_crops/p22-23_hmi_panel_touch_keypad.png,research/pdf_crops/p22-23_hmi_panel_touch_keypad.png,211966,9c828a7bd1fe919c2e82b8e87fc8d9c8bfbb728ad8a98f990e2182848d150d38,source
01_sources/pdf/pdf_crops/p22_2_hmi_screen_extruder_overview_x3.png,research/pdf_crops/p22_2_hmi_screen_extruder_overview_x3.png,348728,189a3c57dfbf92f57bcc7fcdb4bf366c4081130753975981b706007045c0f090,source
01_sources/pdf/pdf_crops/p23_2_hmi_screen_extruder_overview_x3.png,research/pdf_crops/p23_2_hmi_screen_extruder_overview_x3.png,284169,37595eb37e93c4db2eb5735430bbf8bcd26816296a46b2394a03039947cd0e77,source
01_sources/pdf/pdf_crops/p24-25_line_layout_spread.png,research/pdf_crops/p24-25_line_layout_spread.png,152187,33a8ce264314b208067eb4a4744030acc6736804541deaa0460857b55bf68f1d,source
01_sources/pdf/pdf_crops/p24-25_slot_die_smoothing_roll_600dpi.png,research/pdf_crops/p24-25_slot_die_smoothing_roll_600dpi.png,117737,f7150e1703608fbfdc8fb2c961190461fe7b489767dbc7c81eacfcce31c16dbe,source
01_sources/pdf/pdf_crops/ze130ut_side.svg,research/pdf_crops/ze130ut_side.svg,103118,fd1f5235885f75d78a1ac0b158790b69397e874910451a579eb0724fbab94f19,source
01_sources/pdf/pdf_crops/ze130ut_side_600dpi.png,research/pdf_crops/ze130ut_side_600dpi.png,60955,58ee8fe6b9a61ff9b37d34433b587e63197a156df7f88f9584aeb7c1d7f9861c,source
01_sources/pdf/pdf_crops/ze130ut_side_svg_render.png,research/pdf_crops/ze130ut_side_svg_render.png,141086,420493ae5f8104150512db4e7eb7455308c3b216d190c8d3d7a0dcd073be9203,source
01_sources/pdf/pdf_crops/ze155ut_side.svg,research/pdf_crops/ze155ut_side.svg,180393,060f8ff812515f21f0ffa899f11747fb969ddc823d374c6ccc382ba914aa5fca,source
01_sources/pdf/pdf_crops/ze155ut_side_1200dpi.png,research/pdf_crops/ze155ut_side_1200dpi.png,103920,c55e8739b01efc23f138fbb97f1b24852ac2f875be14829a89855dd581bed91f,source
01_sources/pdf/pdf_crops/ze155ut_side_600dpi.png,research/pdf_crops/ze155ut_side_600dpi.png,48756,c7e22742f3de890ca463b3e58dc1bcf252f27d80056093b690602a4ddf2a8914,source
01_sources/pdf/pdf_crops/ze155ut_side_annotated.png,research/pdf_crops/ze155ut_side_annotated.png,210571,30a2cb8b588b2185de946890fac16e34be49e952fbe0bc0c6dd6735a638b15dd,source
01_sources/pdf/pdf_crops/ze155ut_side_outline_pt.json,research/pdf_crops/ze155ut_side_outline_pt.json,8059,d4803cd65cf4cc2d5ed523434c491412109d5898295c71eb332b74a20883b2fb,source
01_sources/pdf/pdf_crops/ze155ut_side_svg_render.png,research/pdf_crops/ze155ut_side_svg_render.png,116059,77fcfd548c45b625f5bd89ee91509271dd8b95ba9ad86ebce4cbef31a0c2fedc,source
01_sources/pdf/pdf_crops/ze180ut_side.svg,research/pdf_crops/ze180ut_side.svg,184137,8cbed99206ca2ee428c61e93722cb935abe23c2d2d1b388c6c005d8ef55ed551,source
01_sources/pdf/pdf_crops/ze180ut_side_600dpi.png,research/pdf_crops/ze180ut_side_600dpi.png,51990,0ad294036730b935c6721aeaa6b78fee6a6f7479da193c1fde41e28eb295c054,source
01_sources/pdf/pdf_crops/ze180ut_side_svg_render.png,research/pdf_crops/ze180ut_side_svg_render.png,115551,214ad6ee5b2bfab0d656877b39de8cb7be55310446cf0c5ce2f90812658ee3bc,source
01_sources/pdf/pdf_images/p01_1.jpeg,research/pdf_images/p01_1.jpeg,134491,a0250c4ab5740bc8ccd22b214a9fcd36ff23cdb2855345260eeb585ce897593b,source
01_sources/pdf/pdf_images/p02_1.jpeg,research/pdf_images/p02_1.jpeg,102603,3d043ed4558c894fdee7523eac7a015dc2458dcaa4684ad3016deff54362807c,source
01_sources/pdf/pdf_images/p03_1.jpeg,research/pdf_images/p03_1.jpeg,17988,773ba57b3107dd2c74f12c146214505138503e97e3a5cc338570272114856a0d,source
01_sources/pdf/pdf_images/p05_1.jpeg,research/pdf_images/p05_1.jpeg,13195,675f140a4e27d88904ca952499ba649d38dbb52b427288e3c983d6b466f26ee5,source
01_sources/pdf/pdf_images/p05_2.jpeg,research/pdf_images/p05_2.jpeg,8708,ff0feb8152c340ec31446cfb13204c8432ad366e19ad860a971e30fd242706c4,source
01_sources/pdf/pdf_images/p05_3.jpeg,research/pdf_images/p05_3.jpeg,10257,f611830e36d2fd586aaa873d7b66f038f2ab48791a89376bccc6e4c609343e6a,source
01_sources/pdf/pdf_images/p06_1.jpeg,research/pdf_images/p06_1.jpeg,39633,93c5b5dcd46fb59ab995699aeb97cf8f3e56d8e1f72779912f117cac8bbca538,source
01_sources/pdf/pdf_images/p07_1.jpeg,research/pdf_images/p07_1.jpeg,29792,6bb9892218562b5b2e5111beb76a2f920608874f38bc7f710b986d1038b4aeba,source
01_sources/pdf/pdf_images/p08_1.jpeg,research/pdf_images/p08_1.jpeg,14013,0409ac237311ec62d7c277321103fb594c5c8d7251c6fa4419ccffc36b2bae1d,source
01_sources/pdf/pdf_images/p08_2.jpeg,research/pdf_images/p08_2.jpeg,12762,7f4101b66da6ef277b8bf2ff05114e4f54e330b07b322d4013b618c37d1261e5,source
01_sources/pdf/pdf_images/p08_3.jpeg,research/pdf_images/p08_3.jpeg,9229,e78a3d92fdb64278427c95fdaf5b8f1d840ebef233e5725350899f9d84279173,source
01_sources/pdf/pdf_images/p10_1.jpeg,research/pdf_images/p10_1.jpeg,10482,9af0aaa6cf5d27831b1ae4374a29b51d6f04a42e065400d3df24e9482db8b325,source
01_sources/pdf/pdf_images/p11_1.jpeg,research/pdf_images/p11_1.jpeg,10584,efd1395b545cf82be627a3897a11f7832215c82a8694020ca8de9a95d9260fa9,source
01_sources/pdf/pdf_images/p12_1.jpeg,research/pdf_images/p12_1.jpeg,21780,7d2a294da01430e9ffbec609586ce417f7f7d0ca7e23f45422ce5b060a37d618,source
01_sources/pdf/pdf_images/p13_1.jpeg,research/pdf_images/p13_1.jpeg,9381,8b23353ca97bb708fc29f7681b5e840fda4c894ecc0a3a0f04a3face0ba64113,source
01_sources/pdf/pdf_images/p13_2.jpeg,research/pdf_images/p13_2.jpeg,10284,c5d0bf3dc1f0800254327313c51035da8d62a1ba86f68ab9f16377b16592d07b,source
01_sources/pdf/pdf_images/p13_3.jpeg,research/pdf_images/p13_3.jpeg,9050,76708d15c8cc1f34b64c31d97fbf800bb4cce05f9d3ce9f130f2f251505d7902,source
01_sources/pdf/pdf_images/p14_1.jpeg,research/pdf_images/p14_1.jpeg,25386,52733275d2e09218b9fc964ab8335992a729be8a261046b1f1599a8a9de4dd09,source
01_sources/pdf/pdf_images/p14_2.jpeg,research/pdf_images/p14_2.jpeg,21633,cdf6e5d96ea034b5c710358ebe4d2e3675483f503617bd32ea4c6d00d71d760c,source
01_sources/pdf/pdf_images/p14_3.jpeg,research/pdf_images/p14_3.jpeg,15817,544aa79e7e84ed61c73c711401bdba9f9e252193dbccaf79df61aefdd4f79446,source
01_sources/pdf/pdf_images/p14_4.jpeg,research/pdf_images/p14_4.jpeg,12331,424b22eb777330d2fc8d8834498f56a1ae75140a0be78e30e960114434346a7f,source
01_sources/pdf/pdf_images/p15_1.jpeg,research/pdf_images/p15_1.jpeg,68708,967406a263c3b13bcb3328fd3c1a3eed18c1688d89f7cbc89b917c78bc7efae3,source
01_sources/pdf/pdf_images/p16_1.jpeg,research/pdf_images/p16_1.jpeg,20202,e5e3f6de48a939d41f9f3c1d94c084b32a1c46b30931051c0095a6f218df56a1,source
01_sources/pdf/pdf_images/p16_2.jpeg,research/pdf_images/p16_2.jpeg,16244,4ab57d52f01603faa59cc9dbd1e949251483aa28116c1c330cf130b18801abd3,source
01_sources/pdf/pdf_images/p17_1.jpeg,research/pdf_images/p17_1.jpeg,16938,9bb3bd658cebf69d8b4fb36f3c44dc7ab1276762578fac73ba0a5b4ebeac40f0,source
01_sources/pdf/pdf_images/p17_2.jpeg,research/pdf_images/p17_2.jpeg,13671,c2d7299abc5d0a651e4b7d0cd685ab8fec0360c81e183af50063a09aacbaa6ab,source
01_sources/pdf/pdf_images/p18_1.jpeg,research/pdf_images/p18_1.jpeg,33632,a12b62794e54352438ec209349dc3ea1ec6cb60642bc0e40dd83a1d0150631bd,source
01_sources/pdf/pdf_images/p19_1.jpeg,research/pdf_images/p19_1.jpeg,18252,d44e4390337062a0aa7689c13d0d614d98fda7846445703046a69ace348fba0a,source
01_sources/pdf/pdf_images/p19_2.jpeg,research/pdf_images/p19_2.jpeg,10650,6d8bdba5783a9da494badfca45bf2e2d80fade754a9e6677f3615528b4bbec0b,source
01_sources/pdf/pdf_images/p19_3.jpeg,research/pdf_images/p19_3.jpeg,10562,703b76dd4c8f4e2ae9252caa7888a99d27b940340d825590b9f75c56a3c47036,source
01_sources/pdf/pdf_images/p19_4.jpeg,research/pdf_images/p19_4.jpeg,12713,d7be4e3d9a18b0de2d85adf645af58bd67ebcb7341f68efd056c5527e86f3a08,source
01_sources/pdf/pdf_images/p20_1.jpeg,research/pdf_images/p20_1.jpeg,15440,a6c82cd27cdc9a553765e3f47dbc938c14aae3c9649285eb2b864b09643a8473,source
01_sources/pdf/pdf_images/p21_1.jpeg,research/pdf_images/p21_1.jpeg,25672,a99607671f7548d1ce308f727b7cdaa88c284cf9e480cf361bc99faabc9b0132,source
01_sources/pdf/pdf_images/p22_1.jpeg,research/pdf_images/p22_1.jpeg,8779,7c08d87a045e028dc255b42eea7dd35614687da082abf5e1f5498adf8a020ece,source
01_sources/pdf/pdf_images/p22_2.jpeg,research/pdf_images/p22_2.jpeg,11550,a3c6543862b1b65fc3d2814e436f16bc335d716c26f6183c0f44a883d9c317f3,source
01_sources/pdf/pdf_images/p22_3.jpeg,research/pdf_images/p22_3.jpeg,9917,3d62ebc12d600b0b46b9315117562c0c02c7c3dab830a4a0648444493ca221ed,source
01_sources/pdf/pdf_images/p22_4.jpeg,research/pdf_images/p22_4.jpeg,9929,2aee5df2d2e70aea6b20b54011ecdb39dc8da3ba55a67f074882126c6cb935d2,source
01_sources/pdf/pdf_images/p22_5.jpeg,research/pdf_images/p22_5.jpeg,16888,c4e1a35183e29d80bdda9043910a3ad43a87b5790e2c4e4fb675aee1ca25fd8e,source
01_sources/pdf/pdf_images/p23_1.jpeg,research/pdf_images/p23_1.jpeg,11016,a701eca65ba79cc159d8f82fdb70a224a358dcdb2886591a3d1da8cf38087bf3,source
01_sources/pdf/pdf_images/p23_2.jpeg,research/pdf_images/p23_2.jpeg,10203,27e8cf676fd9f774edfe1c6ced8db126467761cc4e8b443437037a1da89299dc,source
01_sources/pdf/pdf_images/p23_3.jpeg,research/pdf_images/p23_3.jpeg,10607,ee34ba6d3e8cc1c4fa5780d6912a2028336df95d1ab7810efea020368faa6fc5,source
01_sources/pdf/pdf_images/p23_4.jpeg,research/pdf_images/p23_4.jpeg,16275,06461ddb930bc8875dedde085b582b3d475466dd7cb96883a7667d2771ff707f,source
01_sources/pdf/pdf_images/p26_4.png,research/pdf_images/p26_4.png,14461,fa08d7e1ffaf43e1cff0be4fae0f267c3cf76f4d63cca20a9a6d4e33e3a3e2d4,source
01_sources/pdf/pdf_images/p28_1.jpeg,research/pdf_images/p28_1.jpeg,25875,20caf681ee0524b45f13746df9a021471c69c72bfd180af65bfd2fcf835564d4,source
01_sources/pdf/pdf_images/p30_1.jpeg,research/pdf_images/p30_1.jpeg,60755,4ac9adda5f3eaa2b952bcbe8f3c60f18ce02e4da8e9d7d0e4b255a290a3b2487,source
01_sources/pdf/pdf_measures.md,research/pdf_measures.md,16760,473c1adf1c46cb543d185b686dc6b56fbe4f7329c7cbbc0b00271359e96808ce,source
01_sources/web/claims.jsonl,research/claims.jsonl,38149,a95c05e5647a691d2ffdc1e27f5b1cd845178f3706ee1563a6fa5236196801df,source
01_sources/web/images.md,research/web/images.md,13727,eb7ca68143c04d24605eb9a8482efdf25320b2e7fdc0e929c49d48e126ced66e,source
01_sources/web/img/web-01.jpg,research/web/img/web-01.jpg,486699,111ee85543ec66f7b890942f7e590e5d6ec442a907c61fb346030459e6879480,source
01_sources/web/img/web-02.jpg,research/web/img/web-02.jpg,548047,3697d2ed8f4bcf2e7bc2753c5c4b7ba759eecd5d2c1ab353132bf57f8dfe1519,source
01_sources/web/img/web-03.jpg,research/web/img/web-03.jpg,422031,bcf7a5812d7675b9c89d2f36253a97a79cf4917fb81a08d26469d4840103f747,source
01_sources/web/img/web-04.jpg,research/web/img/web-04.jpg,878659,abc632a9657dd17a93297d8fcb39195d5970811069c13210b581941e0c07e4d0,source
01_sources/web/img/web-05.jpg,research/web/img/web-05.jpg,697237,625eb5a51be3d83dbd28d15572bba6313996cfbf9819219f617a0681c9601149,source
01_sources/web/img/web-06.jpg,research/web/img/web-06.jpg,267521,54d2e398a79bfea61bc3c3856d8792174fd81da1c5e258f720a6fb59c3266be7,source
01_sources/web/img/web-07.jpg,research/web/img/web-07.jpg,253291,6447f26c7d52bfa4a8be5f402aa217e8ff09da236232ad9194c8b0d0bbb2c89e,source
01_sources/web/img/web-08.jpg,research/web/img/web-08.jpg,145990,951640f1d9cdcd4fe8615114ecc61e842cf355b7085963f8d0b5c9f6440284ae,source
01_sources/web/img/web-09.jpg,research/web/img/web-09.jpg,104106,f567460756be219699f64b0dc03a16afc7b60cb2eb9ae11ddc61c17e0325ec7d,source
01_sources/web/img/web-10.jpg,research/web/img/web-10.jpg,102276,a2b576aa9655f26d9a888d6b97c99379666baf34414adf7aae8ecf3d1d4f0779,source
01_sources/web/img/web-11.jpg,research/web/img/web-11.jpg,181250,b86b90ff14d593a27f4f6e2f7a0879e3522d033b00843e21ac90b66c6f9e338e,source
01_sources/web/img/web-12.jpg,research/web/img/web-12.jpg,181446,175198b305ae9d6d9e2da893193085c4de393648f668b5ac4d9d15657c8b61c6,source
01_sources/web/img/web-13.jpg,research/web/img/web-13.jpg,211627,eaa235124f7e05c6292b9e4fec39b773098296cb94d48676efcec32781b5e40a,source
01_sources/web/img/web-14.jpg,research/web/img/web-14.jpg,72164,2c41ec823ec3ffbc294a19d528e4136189ebdad9ac24e195563e553e59892032,source
01_sources/web/img/web-15.jpg,research/web/img/web-15.jpg,158648,d41e78ed9f571efbe0375734715640ed48e6a804a2dbfcd6041a048c6abaab9a,source
01_sources/web/img/web-16.jpg,research/web/img/web-16.jpg,170831,a7def88d54a1dcc569c9dd764a58fefbd6bef4cb978de21012cd2c41c49e59c7,source
01_sources/web/img/web-17.jpg,research/web/img/web-17.jpg,545771,b3fee0bc18c215e550541f03139420f36efadfe634483508270cc02045698eea,source
01_sources/web/img/web-18.jpg,research/web/img/web-18.jpg,550176,b29369ac44c2b2b5401d244ba807ac69e12c08c1dd8db0c4e8ff0bd0a48cbfd8,source
01_sources/web/img/web-19.jpg,research/web/img/web-19.jpg,69006,7d93c66b24e0f0fc7018915cc7dc101d242ac142227012d90187246283c5ffd9,source
01_sources/web/img/web-20.jpg,research/web/img/web-20.jpg,49354,18a5643e8bcbea65a6efff1e1caf76021ec3b0d31878b5a8d0c763a5267f360a,source
01_sources/web/notes_web.md,research/web/notes_web.md,1424,44e75f14a2b03e18fe6b5a062f82a8dc478efe1e344b4b22ef84f4881f7b895f,source
01_sources/web/specs.md,research/specs.md,24343,1f45299ae6d560fb9d1800e349044bcd084d5206b14cd46fc32d701762394eb9,source
01_sources/web/src/yumpu_anlagenkompetenz_de_2010.txt,research/web/src/yumpu_anlagenkompetenz_de_2010.txt,50867,d76dd80f21d5b698e1a1071d05f676b0053266ec31cb3c90897c48137c1fbec7,source
02_assumptions/ASSUMPTIONS.md,docs-pack/ASSUMPTIONS.md (sinh mới),106749,9da6a0a64f1d0c2163602ae61686212f6d1624149995248250b2a5c8999d1181,assumption
02_assumptions/DECISIONS.md,DECISIONS.md,17919,230300271302571280e0870a704f7472d95bdf7b047067441af8e146b6666cea,assumption
02_assumptions/DESIGN-DEVIATIONS.md,trích từ out/log.md + anim/log.md (sinh mới),21915,e56a060b4e8ad76dfd3769f20095a48b4242b9e2b8f37787062e98212681d590,assumption
03_design/HANDOVER.md,design/HANDOVER.md,9976,b6a9e1793be270e050c09324f3028b5d63b230f7ce8a0f333ab6a66ad609e6b6,design
03_design/check_parts.py,design/check_parts.py,15502,8db2a2fdb207ee30b1e393eee4a0c91db1cc1d5c4da76c60de836dc3f2a7aa6f,design
03_design/design.md,design/design.md,243783,ac7313ca25fb939350437d1d19012c0260891a3aff0dfc4d9002e25722321d72,design
03_design/layout_preview.png,design/layout_preview.png,190573,0a7c671c337b42be02dcf6198f99134c48a34315b0b8200dd8f5a3841ee680c5,design
03_design/layout_preview.py,design/layout_preview.py,6070,fd237ffa6aeca32f689b003c0b8abc7e6de7ae148b4e648b42c8ca806ec43ce8,design
03_design/parts.json,design/parts.json,331864,5880cc2d0aa57241b582098197d66d54cb4516dd21cc530e7699170da6be1a7e,design
03_design/review-01.md,design/review-01.md,22744,573452d7bcb8559ff2afd472e501a77131b75f0a022c55b11841fc059515af49,design
04_drawings/HANDOVER.md,drawings/HANDOVER.md,12735,fcba6a3744d4cd1ac1207c437950a9de87d4516a98ef0389664d38b0a8e45582,design
04_drawings/README.md,drawings/README.md,12116,5b76f31b86bdf9ae2a4060f981455a974f20c2591aadc367a9bf66abcaa294c3,design
04_drawings/design_issues.md,drawings/design_issues.md,5484,9ae72058e1b4966f6ca3948cee4e3ee9783bbc7370a855ec53b3ba154d5d90b1,design
04_drawings/review-01.md,drawings/review-01.md,22571,d6ff66f150923fc33fca4e68ceadc817e535b03377648eec61d60b9a3d6b6f5e,design
04_drawings/scripts/balloon_index.json,design/draw/balloon_index.json,7985,e19874910d70bf2969307809cde3e70a759fb41cb378a3828056e23152a4c90c,design
04_drawings/scripts/drafting.py,design/draw/drafting.py,9049,596222364c43326f458c45e76845c4dddac39ac77cc5c52a4dcc01ab5a2b99f5,design
04_drawings/scripts/geom.py,design/draw/geom.py,72246,78f8a002eb5ea2dca8309bfac7a5a4851414e808d0a31ac8334af46fcbca7808,design
04_drawings/scripts/make_all.py,design/draw/make_all.py,947,74da73c17af58b741c94f45c85a705ea20f94a75ad7c83e2c8207bcac6f17d41,design
04_drawings/scripts/sheet.py,design/draw/sheet.py,26211,b7ee3b5111a789e5fddbc6b6ffb6ae221389b99beb3cf178069b4ac57698c4da,design
04_drawings/scripts/sheet01_ga.py,design/draw/sheet01_ga.py,12049,597fbb53ca89d35389e7783a9c9b9a3b02b523a59aa9708b494a35abed3bdc7d,design
04_drawings/scripts/sheet02_barrel.py,design/draw/sheet02_barrel.py,24021,958428b6e821684e829605bce7f94a6dae6e5e086b1276925dc25fa79265f068,design
04_drawings/scripts/sheet03_drive.py,design/draw/sheet03_drive.py,14559,bd26675488765bd8ccda27287be95af960bda692e34e64163f899632be7b7f87,design
04_drawings/scripts/sheet04_melt.py,design/draw/sheet04_melt.py,15114,9e1101f3dd21a7c61413e224fd6ce123c6a6556bf49681fbd8c8416001b1bf67,design
04_drawings/scripts/sheet05_tdie.py,design/draw/sheet05_tdie.py,16920,6f641d7e9f0fc9ed71c346c5bad9413dad93676684eda89c35e843991180eda4,design
04_drawings/scripts/sheet06_feed_vacuum.py,design/draw/sheet06_feed_vacuum.py,8450,57b5a573eafce14387ce7adac5dca147058d7dc821496afea2427a60f150804d,design
04_drawings/scripts/sheet07_pid.py,design/draw/sheet07_pid.py,23500,cec7ce8db0f12a7a8cbfe5ed580c8640201d3e5dd0bb5295b482bd7cb5083745,design
04_drawings/scripts/sheet08_utilities.py,design/draw/sheet08_utilities.py,18090,6c67dfd24171ad3df52a2d452ba2189bf6e254a49c6d76ad0efe78df3518ecd5,design
04_drawings/scripts/sheet09_bom.py,design/draw/sheet09_bom.py,2467,97901a1edd464048a7d8345d726138a32f7bebd84bad0cd5dc67ba7ebb366ca9,design
04_drawings/scripts/verify_views.py,design/draw/verify_views.py,7116,b2342fe995ee3e8e9a9fa71193cc218b904dabcb54e214a5954e8f46e7fa55f6,design
04_drawings/scripts/views.py,design/draw/views.py,5560,8dd139a76b751736eb36e6afd961cc9553f50aa5bbb4f8183a241c873ee165f4,design
04_drawings/sheet-01-ga.png,drawings/sheet-01-ga.png,2381617,df33e7f22fd72b37dcfe63c0f3f8485f4dff398414b61386ffeddfbc2daab661,design
04_drawings/sheet-01-ga.svg,drawings/sheet-01-ga.svg,2799215,6b83aed70d9c39e77e7917030fb546bddccc868fcd7da1939e6a752bda6d6544,design
04_drawings/sheet-02-barrel.png,drawings/sheet-02-barrel.png,2354587,78f5bf8521573d35b88849cc692bed85f51337dbdf5d85fe05e52fb8221fe3e4,design
04_drawings/sheet-02-barrel.svg,drawings/sheet-02-barrel.svg,956087,cdd5e5fa196efdd4b6774120770d9ad16c7607aaba1ce25808afbac55dccb474,design
04_drawings/sheet-03-drive.png,drawings/sheet-03-drive.png,1472350,23be9f7f7801bdc68afb1a34d58092a5671e014d58c710caeab4be36eb47889a,design
04_drawings/sheet-03-drive.svg,drawings/sheet-03-drive.svg,831442,727a196d6337520e14b5688415956acf6bf2c3db01db808e760bea496243440c,design
04_drawings/sheet-04-melt-line.png,drawings/sheet-04-melt-line.png,2024185,6fb3f40e11cec28332090a643d1ed05fb195115970041b4e23c87b83aac7780a,design
04_drawings/sheet-04-melt-line.svg,drawings/sheet-04-melt-line.svg,970346,ec81efe0eba188432a4aea092f2ee58c8697e90a1f8024c71c9d7e17ad9c9f4a,design
04_drawings/sheet-05-tdie.png,drawings/sheet-05-tdie.png,1798457,68997d36d0d3a98662c80bdf4ec139c6cbf173d9f13081499c13f63bd0a03457,design
04_drawings/sheet-05-tdie.svg,drawings/sheet-05-tdie.svg,710314,4c824fbd3860f7a0da4009b55e6ffd625554f5b8df7064198b23e37db10810cf,design
04_drawings/sheet-06-feed-vacuum.png,drawings/sheet-06-feed-vacuum.png,1665207,c768bdb09a0363717672bb275e406aab02c50e1aa99a3d353eb0adb47c7e0388,design
04_drawings/sheet-06-feed-vacuum.svg,drawings/sheet-06-feed-vacuum.svg,2160160,080edcf4dbf0668e6adcc69c629591478291d905aa8b7c6b9ed84d36a1902440,design
04_drawings/sheet-07-process-utilities.png,drawings/sheet-07-process-utilities.png,1269472,1217b31fcd0f3e1ebf16ef8c28f9931e6573599cd102fdb9b385007f44a9d740,design
04_drawings/sheet-07-process-utilities.svg,drawings/sheet-07-process-utilities.svg,245163,19f1571bcfe0d40bff40c113172e8cca1fa9dba6ea4548c4835c8efc440e8e06,design
04_drawings/sheet-08-utility-routing.png,drawings/sheet-08-utility-routing.png,3000539,cb4db52a4e6a7264ce3bb58ff64826aeb452fe0f7800e4ba477075e8bec6f2e6,design
04_drawings/sheet-08-utility-routing.svg,drawings/sheet-08-utility-routing.svg,1613880,7dd6f23db09dcf11b500a45603c4dbe42fa403150f180aeb3cfe0e4a9d234f9e,design
04_drawings/sheet-09-bom.png,drawings/sheet-09-bom.png,3037174,eb922a3e9f455245bbab46ef816f9b0a1a92666a888594c11ff76ce1378e0e8a,design
04_drawings/sheet-09-bom.svg,drawings/sheet-09-bom.svg,354688,998c7e916a06adb2377c7ce31dc2e9d5fe347f9c72fbed3eedfc5f2eb0eb654f,design
04_drawings/views.json,drawings/views.json,2884,4e12cd0bb60c709e37e0190ec9142e7cef2d939932485f3a5593d6c6780046b9,design
04_drawings/views/barrel_front.png,drawings/views/barrel_front.png,28888,8104b7ae61f3ad994be2f294c76d45609933e99dc5a24b059af2febd91ef33e3,design
04_drawings/views/die_end.png,drawings/views/die_end.png,21394,11373e1d80c0431a05668f96cee5c7f3a3fe2655741924341d2f59b248c16afc,design
04_drawings/views/die_end_detail.png,drawings/views/die_end_detail.png,30598,1c0e409f048033155aa1d74fd455bacf2521d1a108e790d1ea35f50e41d0c116,design
04_drawings/views/die_front.png,drawings/views/die_front.png,35938,0b5b6b688d1e02dc86f8e8f10cddec4f0f27a64fb0ac86e23a9a3e8c75dd5bc0,design
04_drawings/views/drive_end.png,drawings/views/drive_end.png,17671,17b0bd027d502338dc9b3db8780c9a3c5f186f5e77e541ef6d3976ffde5cfa8e,design
04_drawings/views/drive_front.png,drawings/views/drive_front.png,28706,e83aee4c4c503563034848db471c6ae4dae6bea44e2cdf3d2c743cd5b14e07dc,design
04_drawings/views/feed_front.png,drawings/views/feed_front.png,23234,ac6b21d5ac99115163ec724b4524453d9d6cbe0bc0c0a38be035d6069ed1fd5a,design
04_drawings/views/front.png,drawings/views/front.png,45383,2ba2ce1f3e83764d7241459c3b34dc722a5d4caf1ff8f2a74b6a0d17b619fe71,design
04_drawings/views/melt_front.png,drawings/views/melt_front.png,48979,9c8bd72dfacec37a2d0b40ca0fa1c2f5fe5fa583ecaf9aa130ac8d4b219a48a6,design
04_drawings/views/melt_top.png,drawings/views/melt_top.png,79809,4287ce48b86a8c3b2c9b701555b5db671a44b81186cb982d8f1c7e2221d66f14,design
04_drawings/views/rear.png,drawings/views/rear.png,34855,1f9a26dcacc25324a7c8ed5287aae6e7180e2d7272ecdd996a3cd2dd2b62e0de,design
04_drawings/views/top.png,drawings/views/top.png,46700,82632bb880618200a1f427fa3007b90d98887e7c3c67818623c30e03e9e0fc9b,design
05_model_build/compare/drawing-die_end.png,out/compare/drawing-die_end.png,1818720,9f347ddc0442b3353d027b0cd137d9b38db9e6dd0566a737bd1080409a39e0b3,output
05_model_build/compare/drawing-front.png,out/compare/drawing-front.png,4118086,845f79283450cf1f00dae4056ffd561e0c7138428804d17450214d4929a91e18,output
05_model_build/compare/drawing-top.png,out/compare/drawing-top.png,5872166,ae99ad09e7e63f56a70b964fd523e1407c74b05071c75a401652319a8714026e,output
05_model_build/compare/photo-p16.png,out/compare/photo-p16.png,1557393,0efea07084c0a5984b9c6e0a7a416e58a74878f04c53f59dd506a0312bfc67fd,output
05_model_build/compare/photo-web02.png,out/compare/photo-web02.png,7481389,7e369a5e06f8d99719d05c0ebe8e957f6fb7c9a781ae31765cb5b5e18e6e51b4,output
05_model_build/compare/photo-web12-drive.png,out/compare/photo-web12-drive.png,2044211,1bdb2251bc8daf6a61ed0b598a69be3ea3ef7d7288a747f76b83c278a3111fe3,output
05_model_build/compare/photo-web13.png,out/compare/photo-web13.png,2145233,230381d1c92a031e1d41b6956062b7d7320ad6e794dbe757249aab0c35fc0158,output
05_model_build/compare/photo-web17.png,out/compare/photo-web17.png,7672804,365331014780fc2ece8e0d81b69e2e8f73d9d9dcd18288f5a0cb2faa3de16167,output
05_model_build/log.md,out/log.md,88602,de4cac28ed3d88c354210dc720ae7be91adde82bd5346af19bd4cc84a8d5b926,output
05_model_build/renders/ze155-barrel-manifold.png,out/renders/ze155-barrel-manifold.png,3561776,35d1b1d60e84a0677038174c79af0904b35e9819b8ee7fcf73f8b81144459fa3,output
05_model_build/renders/ze155-die-end34.png,out/renders/ze155-die-end34.png,3112072,ec11f1a70b32af21d3d6a99de4f1f3e304edc481de55d422ad46ba15c8e505f9,output
05_model_build/renders/ze155-die-rolls.png,out/renders/ze155-die-rolls.png,3328326,5f1a2c60cc98d0346604d1665d94a635340ffd29568952a775ae21d3c4472acb,output
05_model_build/renders/ze155-drive-end34.png,out/renders/ze155-drive-end34.png,3288193,ba5cdc1442f47ef5fb4d6f4ba671426cb75727e4ec2edc851c8de7b7f8f79aa3,output
05_model_build/renders/ze155-drive.png,out/renders/ze155-drive.png,3588199,e6e52ed5ce22f1806ceebf9cdaee0f9012dae3acda497088605abdf331d6d2a0,output
05_model_build/renders/ze155-feeding.png,out/renders/ze155-feeding.png,3998788,9a709cf00e84c8951ee93937e7f4de273287403533c1748ae7eb5a6a1e14b496,output
05_model_build/renders/ze155-front.png,out/renders/ze155-front.png,2822501,c2c1aa1d99b2dbed3dec3ca7f2ed1a7eb54516af66fc10443b596f6de07c08db,output
05_model_build/renders/ze155-hero.png,out/renders/ze155-hero.png,3154780,cf18b96013d03cf295d32ac3f4725bb0384596c0336b780f55a8d0753188d153,output
05_model_build/renders/ze155-melt-line.png,out/renders/ze155-melt-line.png,3329057,cd98dfca90141c62c520bf5c2d7472583ec8b220529ea4c3666fe1b1b5851892,output
05_model_build/renders/ze155-rear34.png,out/renders/ze155-rear34.png,3216966,5a12f836374bde76ec83911a95cf9118a76ff0516f7e8454462eba9b2ee0e6da,output
05_model_build/renders/ze155-top.png,out/renders/ze155-top.png,3071416,0c6cb35ba6885f297e8f0b2413dd8f91a083c22fe62db95a483d211304bbe06a,output
05_model_build/report.md,out/report.md,14843,5f738980118ccc71e1dfcc3d0e584d1c8f9282243aba2add17a3e2111d16430d,output
05_model_build/review/rev_crop_front_cabinet_logo.png,out/review/rev_crop_front_cabinet_logo.png,95405,2f06cc1b1267b27cc34730f9d77f95d916f380b1f2135268970b8b1c4c1ea3f9,output
05_model_build/review/rev_crop_front_rollstand_logo.png,out/review/rev_crop_front_rollstand_logo.png,123659,06b3524dfba11fe829e9d8f57856e91da8d81a43269ab23cbcaed6a2ec9651fc,output
05_model_build/review/rev_crop_hero_rolls_airdrop.png,out/review/rev_crop_hero_rolls_airdrop.png,557067,1bd7d3503b42e362cbed815689be9b0e3f840a1dbd26c1940197b4ef529492a3,output
05_model_build/review/rev_crop_manifold_cables.png,out/review/rev_crop_manifold_cables.png,803825,720eeb81db14a4a17c563fd739c221df8ef9393e8b8b79d1ed3080378d311fb6,output
05_model_build/review/review-model-01.md,out/review/review-model-01.md,14975,6dc89a9c130d273b820b2292c8796b27d600eea89ea4b18d220a0925d6862380,output
06_animation_interior/design-anim.md,anim/design-anim.md,39070,b10d26773b596c24656eedc9b6e6335da6c6f32de354003a007abdbf1ae0c40f,design
06_animation_interior/interior_parts.json,anim/interior_parts.json,53199,2f3676df7a368953fd9c7ac5c1eb8451e58a435722160e1a6d52e446b04a5fdd,design
06_animation_interior/log.md,anim/log.md,54710,501a74b59e2e7920667da8da3fbf92bf2158d986526500b9652e540f57861239,output
06_animation_interior/review-anim-01.md,anim/review-anim-01.md,19212,e0f0d1749d57c663e564f21e77a8a1344959b6d37f1b46dca3a2c5407aa8d2a9,design
06_animation_interior/shots.json,anim/shots.json,68270,7cf59370b9a9c1201454fcc4f73b897abb4d4c016c0fd5c6c4d75efe09886d73,design
06_animation_interior/storyboard/contact.png,anim/storyboard/contact.png,2970485,3508972807de386c3b00a975c4a5596c0dc3c7772f2732be1055e8eb8aff3ab7,design
07_web_plan/ADDENDUM-discussion.md,web/ADDENDUM-discussion.md,4027,20291880fea2706bdeea2c0395291edc60daef605b9ee48ff7f9c2f38e728340,design
07_web_plan/PLAN-DOT1.md,web/PLAN-DOT1.md,80428,39f449bfa4b4add0304065dff97d06b6c960284c6977905aaf7fe7544939244b,design
07_web_plan/PLAN-R3F.md,web/PLAN-R3F.md,45532,b06b0325f9ff7372a4f482c340066f1b15a2eeaa654549ba553674254d3f49d3,design
07_web_plan/dot1/AMENDMENTS.md,web/dot1/AMENDMENTS.md,3155,160af07a9d277f111d03bc6fa63b3bfcf11136beceb9f76e755ffbea1c6d081e,design
07_web_plan/dot1/cut_states.dot1.json,web/dot1/cut_states.dot1.json,17404,6ac7e073e933050986970a0dcbc7bca0fffcb507a9703034fe5b9d603955fefe,design
07_web_plan/dot1/devices.dot1.json,web/dot1/devices.dot1.json,176077,cdb0be09c7b678bd7ed2369081ed80c40a88be138c91fbfa495f1a20f5b0b354,design
07_web_plan/dot1/materials.dot1.json,web/dot1/materials.dot1.json,7950,980c37fe0da0032b50ac5d3ca49f896b0be88027360ca7af6b191dc041a50b4b,design
07_web_plan/dot1/node_map.dot1.json,web/dot1/node_map.dot1.json,72209,eb43f92487e26ff15b156d261553714a12b2778c76cc844a793c8881a05dd184,design
07_web_plan/dot1/rotors.dot1.json,web/dot1/rotors.dot1.json,4521,602f2dc3310384266b04d7e9295eb9d3b1906b8ec2785dab8339dee77a99a428,design
07_web_plan/dot1/selection-rules.json,web/dot1/selection-rules.json,3066,bc329f4a3698a0aa0e9e29d5eaf66de7381d0687506eef93208a4ab18e065ea9,design
07_web_plan/model-contract.json,web/model-contract.json,263921,172737f2e71fabc4a6f73f4378a27b2dbcabcf547362e61d53a2df9585a62e64,design
07_web_plan/r3f-snippets.md,web/r3f-snippets.md,42105,d18511798438a08086ee996277027826ff24e66bf9a91ed21b2037e32826812b,design
07_web_plan/review-dot1-01.md,web/review-dot1-01.md,9222,000dd6e67b46c1592523f0235fd8f104dad501256531ae5e6ec130154bb4ef62,design
07_web_plan/review-plan-01.md,web/review-plan-01.md,27450,530a784038b42e6c0a9fcf27dcbbbf926dcbcee659b9811b6dab2ba1b25b1ba1,design
07_web_plan/review-plan-02.md,web/review-plan-02.md,13546,f24dd3848ce821c66bbf815403904fccba881c3f1118a454480be5edc49eae48,design
08_method/BRIEF.md,BRIEF.md,4885,935fe1cef9ad736c9c2c9a0dc13be04a7370772511e7ecb0bf7b835a30580eab,design
08_method/BUILD-ANIM.md,anim/BUILD-ANIM.md,6529,a0819d7dfca8318f41cb218b20368fd53b165b20dcfb938cef8af1303a9c3537,design
08_method/BUILD.md,BUILD.md,4045,ff3c3455234667dec05dbc0dc68378cff9fe30521302f3a03fc391f1a96fda31,design
08_method/METHOD.md,METHOD.md,6349,071d966dccdab07c5d9c17e558394a2f2a3b3688fe66c2b90a24c514af9bff95,design
08_method/tools/anim_helpers.py,anim/anim_helpers.py,58488,8b953073ffa39f5219f3e1f88c06688212783ddf4566f0189d4e954c5ab8a568,design
08_method/tools/cmp.py,tools/cmp.py,1555,bda66c2142d50f06b7c13fc617a9ea3e784ffc2e9c0296bfd9da4bb7d25b1c60,design
08_method/tools/final_cmp.py,tools/final_cmp.py,1350,db5a0f0abad70b631268134e9ccab6359674ed319c7b94f1c6b794064af82d36,design
08_method/tools/gx200_reference/all_blender_calls_gx200.py,tools/gx200_reference/all_blender_calls_gx200.py,133896,4975749974ec6d4267d73e6aef2c2f75e1ceb43efb8fbcc4c4008c78cb96446d,design
08_method/tools/gx200_reference/call03_helpers.py,tools/gx200_reference/call03_helpers.py,7204,5092c7bb605c876f54abe9b1aedb34e979adfadb3a4eec6770c3da5ce0c07eea,design
08_method/tools/gx200_reference/call04_ortho_cams.py,tools/gx200_reference/call04_ortho_cams.py,1909,ea1fead486ce68a8367ae2e75c1922424e1ae03850236fcf3317917c4a622a6b,design
08_method/tools/gx200_reference/call07_render.py,tools/gx200_reference/call07_render.py,1444,ddc71a997727519c354b7a0514fd6cd51ef37630f5c1ffac75de7fd487cba532,design
08_method/tools/ze_helpers.py,tools/ze_helpers.py,55138,6a41684d2f238c6cb414d9a5ba39cd518f778a3098a898d15d16ddd949b104c5,design
